SORT	Шифр_истоchника	Полное_описание	Синоним	Название_истоchника	Автор	Исследователь	Дата_истоchника	Утоchненная_дата	Язык_оригинала	Оригинал_перевода	Другие_списки	Издание_рукописи	Датировка_состава	Переиздание	Место_хранения	IndexNameIst	IndexIssled
""	"Lud."	""	"Лудольф Генрих Вильгельм"	"1696 г."	""	""	""	""	"Переизд., перевод, вступ. статья и примеч. Б.А. Ларина. Л., 1937."	""	"Русская грамматика."	"Ларин Б.А."
"'"	"Lud.1"	""	"Лудольф Генрих Вильгельм"	"1696 г."	""	""	""	""	""	""	"Grammatica Russica."	"Unbegaun B.O."
"#3=>=0:@:=1"	"2 доп.обл.слов."	""	""	""	""	""	""	""	""	"Рукописный отдел БАН"	"Ответы на программу АН по диалектологии"	""
"#=A19B?0"	"2 отв.Курб."	""	""	""	""	""	""	""	""	""	""	""
","	"SLS I"	""	"Спарвенфельд Иоганн Габриэль"	"XVII--XVIII вв."	""	""	""	""	""	""	"Lexicon Slavonicum."	"Birgegеrd Ulla "
",,"	"SLS II"	""	"Спарвенфельд Иоганн Габриэль"	"XVII--XVIII вв."	""	""	""	""	""	""	"Lexicon Slavonicum."	"Birgegеrd Ulla "
",,,"	"SLS III"	""	"Спарвенфельд Иоганн Габриэль"	"XVII--XVIII вв."	""	""	""	""	""	""	"Lexicon Slavonicum."	"Birgegеrd Ulla "
",-"	"SLS IV"	""	"Спарвенфельд Иоганн Габриэль"	"XVII--XVIII вв."	""	""	""	""	""	""	"Lexicon Slavonicum."	"Birgegеrd Ulla "
"//L,"	"ААЭ I"	""	""	"1294--1598 гг."	""	""	""	""	"Документы до 1505 г. переизд.: АСВР I--III, Т. 1-3, А.феод.землевл. I-II, Дух. и дог.гр., Гр.Новг. и Псков."	""	"Акты, собранные в библиотеках и архивах Российской империи Археографическою экспедициею Акад. наук."	""
"//L,,"	"ААЭ II"	""	""	"1298--1613 гг."	""	""	""	""	"Документы до 1505 г. переизд.: АСВР I--III, Т. 1-3, А.феод.землевл. I-II, Дух. и дог.гр., Гр.Новг. и Псков."	""	"Акты, собранные в библиотеках и архивах Российской империи Археографическою экспедициею Акад. наук."	""
"//L,,,"	"ААЭ III"	""	""	"1613--1645 гг."	""	""	""	""	""	""	"Акты, собранные в библиотеках и архивах Российской империи Археографическою экспедициею Акад. наук."	""
"//L,-"	"ААЭ IV"	""	""	"1645--1700 гг."	""	""	""	""	""	""	"Акты, собранные в библиотеках и архивах Российской империи Археографическою экспедициею Акад. наук."	""
"/04:=6@I465760J"	"А.Белоз.съезж.избы"	""	""	"1613--1699 гг."	""	""	""	""	""	"СПб. ФИРИ РАН, ф. 194"	"Акты Белозерской съезжей избы"	""
"/0?N<>?79/6<760J"	"А.Брян.приказн.избы"	""	""	"XVII--XVIII вв."	""	""	""	""	""	"РГАДА, ф. 1109, оп. 1"	"Акты Брянской приказной избы."	""
"/115"	"Авв.Ж."	"Ав.Ж."	""	""	""	""	""	""	""	""	""	""
"/116/>,."	"Авв.Зап.IX"	"Ав.Зап.IX"	""	""	""	""	""	""	""	""	""	""
"/116/>."	"Авв.Зап.X"	"Ав.Зап.X"	""	""	""	""	""	""	""	""	""	""
"/116/>.,"	"Авв.Зап.XI"	"Ав.Зап.XI"	""	""	""	""	""	""	""	""	""	""
"/116/>.,,"	"Авв.Зап.XII"	"Ав.Зап.XII"	""	""	""	""	""	""	""	""	""	""
"/116/>.,,,"	"Авв.Зап.XIII"	"Ав.Зап.XIII"	""	""	""	""	""	""	""	""	""	""
"/116/>.-"	"Авв.Зап.XV"	"Ав.Зап.XV"	""	""	""	""	""	""	""	""	""	""
"/119<04@"	"Авв.Кн.бес."	"Ав.Кн.бес."	""	""	""	""	""	""	""	""	""	""
"/119<04@>?7:"	"Авв.Кн.бес.(Прил.)"	"Ав.Кн.бес.(Прил.)"	""	""	""	""	""	""	""	""	""	""
"/119<=0:"	"Авв.Кн.обл."	"Ав.Кн.обл."	""	""	""	""	""	""	""	""	""	""
"/119<A=:9"	"Авв.Кн.толк."	"Ав.Кн.толк."	""	""	""	""	""	""	""	""	""	""
"/11=0=2=?"	"Авв.О богор."	"Ав.О богор."	""	""	""	""	""	""	""	""	""	""
"/11>7@"	"Авв.Пис."	"Ав.Пис."	""	""	""	""	""	""	""	""	""	""
"/11>=@:"	"Авв.Посл."	"Ав.Посл."	""	""	""	""	""	""	""	""	""	""
"/11>=BF"	"Авв.Поуч."	"Ав.Поуч."	""	""	""	""	""	""	""	""	""	""
"/11@=A1;7?/"	"Авв.Сотв.мира"	"Ав.Сотв.мира"	""	""	""	""	""	""	""	""	""	""
"/11F4:"	"Авв.Чел."	"Ав.Чел."	""	""	""	""	""	""	""	""	""	""
"/14?D=A@I465760J"	"А.Верхот.съезж.избы"	""	""	"1613--1699 гг."	""	""	""	""	""	"СПб. ФИРИ РАН, ф. 28"	"Акты Верхотурской съезжей избы"	""
"/15"	"Ав.Ж."	""	"Аввакум, протопоп"	"XVII--XIX вв."	"XVII в."	""	""	"Ред. А. С. 1--82: 1673 г.; ред. Б. С. 83--150: 1672 г., сп. XIX в.; ред. В. С. 151--240: 1675 г., сп. XVIII--XIX вв."	"Ред. А. С. 1--82: 1673 г. переизд.: Пустозерский сборник. Л., 1975. С. 11--80 и Робинсон А.Н. Жизнеописание Аввакума и Епифания. М., 1963. С. 139--172."	""	"Житие протопопа Аввакума, им самим написанное"	""
"/159?/AF"	"Ав.Ж.(кратч.)"	""	"Аввакум, протопоп"	"XVIII в."	"XVII в."	""	""	""	""	""	"Кратчайшая редакция 'Жития' протопопа Аввакума"	"Румянцева В.С."
"/16/>,D"	"Ав.Зап.IX"	""	"Аввакум, протопоп"	"1663--1664 гг."	""	""	""	""	""	""	"Записка о жестокостях воеводы Пашкова. IX"	""
"/16/>.,"	"Ав.Зап.XI"	""	"Аввакум, протопоп"	"1667 г."	""	""	""	""	""	""	"Записки о первой казни попа Лазаря и инока Епифания... XI"	""
"/16/>.,,"	"Ав.Зап.XII"	""	"Аввакум, протопоп"	"к. XVII в."	""	""	""	""	""	""	"Записка о заточении и расстрижении Аввакума... XII"	""
"/16/>.,,,"	"Ав.Зап.XIII"	""	"Аввакум, протопоп"	"1670 г."	""	""	""	""	""	""	"Записки о лицах и событиях... XIII. О второй казни Лазаря..."	""
"/16/>.-"	"Ав.Зап.XV"	""	"Аввакум, протопоп"	"1671 г."	""	""	""	""	""	""	"Записки о лицах и событиях... XV. О том, как постились пустозерские узники"	""
"/16/>D"	"Ав.Зап.X"	""	"Аввакум, протопоп"	"1667 г."	""	""	""	""	""	""	"Записка о последнем увещевании Аввакума. Х"	""
"/17/@:=2"	"Авиас.Лог."	""	""	""	""	""	""	""	""	""	""	""
"/19<04@"	"Ав.Кн.бес."	""	"Аввакум, протопоп"	"1669--1675 гг."	""	""	""	""	""	""	"Книга бесед"	""
"/19<04@>?7:"	"Ав.Кн.бес.(Прил.)"	""	"Аввакум, протопоп"	"XVII в."	""	""	""	"Стлб. 393--400: 1672 г., сп. XIX в.; стлб. 401--406: после 1672 г., сп. XIX в.; стлб. 405--418: не ранее 1673 г., сп. XIX в.; стлб. 417--424: 1675 г., сп. XVII--XVIII вв."	""	""	"Книга бесед (Приложения)"	""
"/19<=0:"	"Ав.Кн.обл."	""	"Аввакум, протопоп"	"XVIII в."	"1679 г."	""	""	""	""	""	"Книга обличений или Евангелие вечное"	""
"/19<A=:9"	"Ав.Кн.толк."	""	"Аввакум, протопоп"	"XVII--XVIII вв."	"1677 г."	""	""	""	""	""	"Книга толкований и нравоучений"	""
"/1<4761A49@AJ"	"Ав.Неизв.тексты"	""	"Аввакум, протопоп"	"к.XVII--н.XIX в."	"XVII в."	""	""	"С. 223--236: XVII в., сп. XIX в.; с. 236--239: XVII в., сп. XVII--XVIII вв.; с. 239: XVII в., сп. XVIII в."	""	""	"Неизвестные и неизданные тексты из сочинений протопопа Аввакума"	"Демкова Н.С."
"/1=0=2=?"	"Ав.О богор."	""	"Аввакум, протопоп"	"XVII в."	""	""	""	""	""	""	"О пресвятой Богородице"	""
"/1=?=<2B0<@A/?+"	"А.Ворон.губн.стар.*"	""	""	"перв.пол. XVII в."	""	""	""	""	""	"ГА Воронежской обл."	"Акты Воронежского губного старосты."	""
"/1=?=<>?79/6<760J+"	"А.Ворон.приказн.избы*"	""	""	"вт.пол. XVII--н. XVIII в."	""	""	""	""	""	"ГА Воронежской обл."	"Акты Воронежской приказной избы."	""
"/1>7@"	"Ав.Пис."	""	"Аввакум, протопоп"	"XVII в."	""	""	""	""	""	""	"Письма"	""
"/1>7@'"	"Ав.Пис.1"	""	"Аввакум, протопоп"	"1668 г."	""	""	""	""	""	""	"Два неизвестных письма протопопа Аввакума"	"Малышев В.И."
"/1>=@:"	"Ав.Посл."	""	"Аввакум, протопоп"	"1664--1681 гг."	""	""	""	""	""	""	"Послания"	""
"/1>=BF"	"Ав.Поуч."	""	"Аввакум, протопоп"	"XVII в."	""	""	""	""	""	""	"Поучение против пьянства"	""
"/1??@A"	"Авр.Рст."	""	""	""	""	""	""	""	""	""	""	""
"/1?@;"	"Авр.См."	""	""	""	""	""	""	""	""	""	""	""
"/1@=A1;7?/"	"Ав.Сотв.мира"	""	"Аввакум, протопоп"	"1672 г."	""	""	""	""	""	""	"О сотворении мира, грехопадении первого человека и о потопе"	""
"/1A=0@B1=?=1/"	"Автоб.Суворова"	""	"Суворов А.В."	"1786 г."	""	""	""	""	""	""	"Автобиография"	""
"/1F4:"	"Ав.Чел."	""	"Аввакум, протопоп"	"1663--1669 гг."	""	""	""	""	""	""	"Челобитные"	""
"/2/@C4?"	"Агасфер"	""	""	"1663 г."	""	""	""	""	""	""	"К истории легенды о странствующем жиде в старинной русской литературе"	"Адрианова В.П."
"/2=:B0</6"	"А.(Голуб.Наз.)"	""	""	"XVII и XIX вв."	"1428--1511 гг."	""	""	""	""	""	"Акты XV -- начала XVI века"	"Голубцов И.А., Назаров В.Д."
"/2=?F"	"А.Горч."	""	""	"XVI в.--1738 г."	""	""	""	""	"Документы до 1505 г. переизд.: А.феод. землевл. I"	""	"О земельных владениях всероссийских митрополитов, патриархов и св. Синода (988--1738 гг.)."	"Горчаков М.И."
"/2?/53?/@>?,"	"А.гражд.распр.I"	""	""	"1432--1630 гг."	""	""	""	""	"Документы до 1505 г. переизд.: АСВР I--II"	""	"Акты, относящиеся до гражданской расправы древней России."	"Федотов-Чеховский А."
"/2?/53?/@>?,,"	"А.гражд.распр.II"	""	""	"1630--1699 гг."	""	""	""	""	""	""	"Акты, относящиеся до гражданской расправы древней России."	"Федотов-Чеховский А."
"/2??/@>?C43F4D"	"А.гр.распр.Фед.-Чех."	"А.гражд.распр.I"	""	""	""	""	""	""	""	""	""	""
"/2??/@>?CF"	"А.гр.распр.(Ф.-Ч.)"	"А.гражд.распр.I"	""	""	""	""	""	""	""	""	""	""
"/3/;74"	"Адам и Е."	""	""	"XVIII в."	"1674--1675 гг."	""	""	""	""	""	"Жалостная комедия об Адаме и Евве"	"Тихонравов Н."
"/3/;74'"	"Адам и Е.1"	""	""	"XVII в."	"1674--1675 гг."	""	""	""	""	""	"Жалобная комедия об Адаме и Еве"	"Державина О.А. , Демин А.С. , Гребенюк В.П."
"/3437:1=41760J"	"А.Дедил.воев.избы"	""	""	"1659--1732 гг."	""	""	""	""	""	"СПб. ФИРИ РАН, ф. 134, оп. 2"	"Акты Дедиловской воеводской избы"	""
"/374"	"Ад. и Е."	"Адам и Е."	""	""	""	""	""	""	""	""	""	""
"/3?>"	"Адр.П."	""	""	""	""	""	""	""	""	""	""	""
"/6/9:"	"А.закл."	""	""	"1602--1643 гг."	""	""	""	""	""	""	"Акты о посадских людях -- закладчиках"	"Сильванский Н.П."
"/6/>?=@,"	"А.Зап.Рос.I"	""	""	"1340--1506 гг."	""	""	""	""	""	""	"Акты, относящиеся к истории западной России"	""
"/6/>?=@,,"	"А.Зап.Рос.II"	""	""	"1506--1544 гг."	""	""	""	""	""	""	"Акты, относящиеся к истории западной России"	""
"/60"	"Азб."	""	""	"1654 г."	""	""	""	""	""	"ГИМ, Син., №353"	"Азбуковник (Алфавит)"	""
"/60,+"	"Азб.I*"	""	""	"1677 г."	""	""	""	""	""	""	"К азбуке 1677 года из собрания рукописей Московского публичного и Румянцевского музея, изданной Московским археологическим инст"	"Маркс Н."
"/60,,"	"Азб.II"	""	""	"к. XVII в."	""	""	""	""	""	""	"Азбуковник вторый"	"Буш В.В."
"/60,,,"	"Азб.III"	""	""	"XVII в."	""	""	""	""	""	"РГАДА, ф. 381 (Син. тип.), кн. 404, л. 1--425 об."	"Азбуковник"	""
"/60,-"	"Азб.IV"	""	""	"XVII в."	""	""	""	""	""	"ГИМ, Увар., №2088 (310), л. 1--231"	"Азбуковник"	""
"/60-+"	"Азб.V*"	""	""	"XVII в."	"XVI в."	""	""	""	""	""	"Азбуковники XVI--XVII вв. (старшая разновидность)"	"Ковтун Л.С."
"/60</9/6"	"Азб.наказ."	""	""	"к. XVII в."	""	""	""	""	""	""	"Азбуковник наказательный"	"Буш В.В."
"/60@A7D"	"Азб.стих."	""	""	"сп. XV--XVII вв."	""	""	""	"С. 54--56: XVI в.; с. 56--57: 1574 г.; с. 57--58: XV в.; с. 58--59: 1462 г.; с. 59--60: 1632 г.; с. 60--61: XV в."	""	""	"К изучению славянских азбучных стихов"	"Демкова Н.С., Дробленкова Н.Ф."
"/60B9/6</;"	"Азбука знам."	""	""	"1668 г."	""	""	""	""	""	""	"Азбука знаменного пения"	"Смоленский С.В."
"/60B9/6</;'+"	"Азбука знам.1*"	""	""	"вт.четв. XVII в."	""	""	""	""	""	"РГБ, ф. 210 (В.Ф. Одоевского), №1, л. 1--283"	"Азбука знаменного пения (Книга, глаголемая Кокизы, сиречь ключь столповому и казанскому знамени)"	""
"/60B9/6</;#+"	"Азбука знам.2*"	""	""	"к. XVII в."	""	""	""	""	""	"ГИМ, Син. певч., №219, л. 369--438"	"Азбука знаменного пения (Указ о зарембах, Книга, глаголемая Кокизы. Выписка розводным фитам и мудрым строкам)"	""
"/60B9/6</;$+"	"Азбука знам.3*"	""	""	"1604 г."	""	""	"Христофор. Ключ знаменной, 1604 г. / Публикация, перевод М. Бражникова и Г. Никишова. Предисловие, комментарий, исследование Г."	""	""	"РНБ, собр. Кир.-Б. м., №665/922, л. 1000 об.--1028 об."	"Азбука знаменного пения (Ключ знаменной и др.)"	""
"/60B9/6</;%+"	"Азбука знам.4*"	""	""	"XVII в."	""	""	""	""	""	"РНБ, Солов., № 690/752"	"Кокизник (Согласникъ или <азбука> руководство к демественному пению 8-ми гласовъ)"	""
"/60B9/6</;&+"	"Азбука знам.5*"	""	""	"сер. XVII в."	""	""	""	""	""	"РГБ, ф. 379 (Д.В. Разумовского), №15 (М. 4030), л. 1--40, 49--100 об."	"Азбука знаменного пения (Роспев знамени како оно поется, Имена попевкам на восмь гласов, Кокизы разводных строк, Указ о подметках и др.)"	""
"/60B9/6</;'+"	"Азбука знам.6*"	""	""	"посл.четв. XVII в."	""	""	""	""	""	"РГБ, ф. 379 (Д.В. Разумовского), №19, л. 1--64"	"Азбука знаменного пения (Ряд всех согласии столповой помете, Имена знамени столповому, Имена попевкам, Кокизы розводных строк и до.)"	""
"/6>"	"Аз.п."	"Аз.пов."	""	""	""	""	""	""	""	""	""	""
"/6>"	"Аз.П."	"Аз.пов."	""	""	""	""	""	""	""	""	""	""
"/6>=1"	"Аз.пов."	""	""	"XVII--XVIII вв."	"XVII в."	""	""	"Сп. XVII в.: с. 51--68, 85--89, 96--116, 129--155, 170--182; сп. XVII--XVIII вв.: с. 185--202, 224--236; сп. XVIII в.: с. 90--91"	""	""	"Исторические и поэтические повести об Азове (Взятие 1637 г. и осадное сидение 1641 г.)"	"Орлов А."
"/6>=1'"	"Аз.пов.1"	""	""	"XVII и XVIII вв."	""	""	""	""	""	""	"'Историческая' повесть о взятии Азова в 1637 г."	"Робинсон А.Н."
"/6>=1</?"	"Аз.пов.(нар.)"	""	""	"не ранее 1718 г."	""	""	""	""	""	""	"Повесть об Азовском осадном сидении"	"Орлов А."
"/6>=1=@=0"	"Аз.пов.(особ.)"	""	""	"к. XVII в."	"1637--1641 гг."	""	""	""	""	""	"Особая повесть об Азове"	"Орлов А."
"/6>=1@9/6"	"Аз.пов.(сказ.)"	""	""	"к. XVII в."	""	""	""	""	""	""	"История об Азовском взятии и осадном сидении от турского царя Брагима донских казаков... лета 7135 года"	"Орлов А."
"/6>=1@9/6'"	"Аз.пов.(сказ.)1"	""	""	"к. XVII в."	""	""	""	""	""	""	"'Сказочная' повесть об азовском взятии и осадном сидении в 1637 и 1642 гг."	"Робинсон А.Н."
"/7'#"	"АИ 12"	""	""	""	""	""	""	""	""	""	""	""
"/7,"	"АИ I"	""	""	"1334--1598 гг."	""	""	""	""	"Документы до 1505 г. переизд.; АСВР I--III; А.феод.землевл.II; Гр.Новг. и Псков.; Дух. и дог.гр.; Суд.Ив.III и Суд.Ив.IV -- Суде"	""	"Акты исторические, собранные и изданные Археографическою комиссиею. Т. I"	""
"/7,,"	"АИ II"	""	""	"1598--1613 гг."	""	""	""	""	""	""	"Акты исторические, собранные и изданные Археографическою комиссиею. Т. II"	""
"/7,,,"	"АИ III"	""	""	"1613--1645 гг."	""	""	""	""	""	""	"Акты исторические, собранные и изданные Археографическою комиссиею. Т. III"	""
"/7,-"	"АИ IV"	""	""	"1645--1676 гг."	""	""	""	""	""	""	"Акты исторические, собранные и изданные Археографическою комиссиею. Т. IV"	""
"/7-"	"АИ V"	""	""	"1676--1700 гг."	""	""	""	""	""	""	"Акты исторические, собранные и изданные Археографическою комиссиею. Т. V"	""
"/714?;"	"А.Ивер.м."	""	""	"XVII и н.XVIII в."	""	""	""	""	""	"СПб. ФИРИ РАН, ф. 181, оп. 1"	"Акты Иверского Валдайского монастыря"	""
"/714?@9;"	"А.Иверск.м."	"А.Ивер.м."	""	""	""	""	""	""	""	""	""	""
"/7>/A;"	"А.Ипат.м."	""	""	"1659--1660 гг."	""	""	""	""	""	""	"К истории сельскохозяйственного быта Костромских Ипатьевского и Богоявленского монастырей. I. Командировка стольника Н.М. Олфимова"	"Сторожев В.Н."
"/9"	"А.К."	"Арх.Курак.I"	""	""	""	""	""	""	""	""	""	""
"/9/3/G@:"	"А.Кадаш.сл."	""	""	"1613--1698 гг."	""	""	""	""	""	""	"Акты Кадашевской слободы"	""
"/9/3=;>?79/6<760J"	"А.Кадом.приказн.избы"	""	""	"XVII в."	""	""	""	""	""	"РГАДА, ф. 1122, оп. 1"	"Акты Кадомской приказной избы"	""
"/9/G7<,"	"А.Кашин.I"	""	""	"1612--1677 гг."	""	""	""	""	""	""	"Город Кашин. Материалы для его истории"	"Кункин И.Я."
"/9/G7<,,"	"А.Кашин.II"	""	""	"1612--1677 гг."	""	""	""	""	""	""	"Город Кашин. Материалы для его истории"	"Кункин И.Я."
"/97<3"	"Акинд."	""	"Акиндин, мних"	"XVI в."	"XIV в."	""	""	""	"(Посл. Акинд.) РИБ VI, стлб. 147--156"	""	"Написание Акиндина мниха... к великому князю Михаилу о поставляющих мзды ради"	""
"/97?0;"	"А.Кир.-Б.м."	""	""	"XVI--XVII вв."	""	""	""	""	""	"СПб. ФИРИ РАН, к. 260, оп.1"	"Акты Кирилло-Белозерского монастыря"	""
"/9?4><=12"	"А.креп.новг."	""	""	"1489--1598 гг."	""	""	""	""	""	""	"Акты, записанные в новгородской крепостной книге XVI века"	"Лакиер А.Б., Калачов Н."
"/9A.B"	"Акт.X.У."	"АХУ II"	""	""	""	""	""	""	""	""	""	""
"/9AB@A"	"Акт.Уст."	"А.Уст.I"	""	""	""	""	""	""	""	""	""	""
"/9AJ9/3/G@:"	"Акты Кадаш.сл."	"А.Кадаш.сл."	""	""	""	""	""	""	""	""	""	""
"/9AJ97?;=<@=0?/9<79"	"Акты Кир.мон.собр.ак.Ник."	"А.Кир.-Б.м."	""	""	""	""	""	""	""	""	""	""
"/9AJ=@:B59A?@4?2;=<"	"Акты о служк.Тр.-Серг.мон."	"А.Тр.-Серг.м."	""	""	""	""	""	""	""	""	""	""
"/9AJAN2"	"Акты тяг."	"А.тяг.I"	""	""	""	""	""	""	""	""	""	""
"/9AJM?"	"Акты юр."	"АЮ"	""	""	""	""	""	""	""	""	""	""
"/9B<2B?"	"А.кунгур."	""	""	"1668--1699 гг."	""	""	""	""	""	""	"Кунгурские акты XVII века"	"Кузнецов А.Г."
"/9B<2B?6760J"	"А.кунгур.з.избы"	""	""	"1702--1706 гг."	""	""	""	""	""	"РГАДА, ф. 687, оп.1"	"Акты кунгурской земской судной избы"	""
"/:0"	"Алб."	"Альб."	""	""	""	""	""	""	""	""	""	""
"/:3??=@31=?"	"Ал-др рос.двор."	""	""	""	""	""	""	""	""	""	""	""
"/:49@/<3?7N"	"Александрия"	""	""	"XV--XVII вв."	"XII в."	"греческий"	""	"С. 5--128: XII в., сп. XVI в. с. 131--242: XV в.; с. 245--343: XVI в."	""	""	"Александрия русских хронографов"	"Истрин В.М."
"/:49@/<3?7N1N6"	"Александрия (Вяз.)"	""	""	"XVII в."	"XV в."	""	""	""	""	""	"Александрия"	""
"/:49@/<3?7N@4?0"	"Александрия серб."	""	""	"XV в."	""	""	""	""	""	""	"Александрия. Роман об Александре Македонском по русской рукописи XV века"	"Ботвинник М.Н., Лурье Я.С. и Творогов О.В."
"/:49@/<3?919B?E"	"Александр (Кв.Курц.)"	""	""	""	""	""	""	""	""	""	""	""
"/:49@<41:4A"	"Алекс.-Нев.лет."	""	""	"сер. XVII в."	"1533--1567 гг."	""	""	""	""	""	"Александро-Невская летопись"	""
"/:7D"	"А.Лих."	""	""	"XVII в."	""	""	""	""	""	"СПб. ФИРИ РАН, к. 238, оп. 2, IV, 1"	"Акты собрания Н.П.Лихачева XVII в. Частные акты: купчие, кабалы, заемные, закладные, сговорные, памяти, записи меновные и т.п."	""
"/:;"	"Ал.М."	""	""	""	""	""	""	""	""	""	""	""
"/:<1"	"Ал.Нв."	""	""	""	""	""	""	""	""	""	""	""
"/:<41@9"	"Ал.Невск."	""	""	""	""	""	""	""	""	""	""	""
"/:=G"	"Ал.Ош."	""	""	""	""	""	""	""	""	""	""	""
"/:>"	"Ал.П."	""	""	""	""	""	""	""	""	""	""	""
"/:C"	"Алф."	""	""	"1672 г."	""	""	""	""	""	"БАН, Арх. д., №445, 4°, л. 1--264"	"Книга Алфавит Николаевского Корельского монастыря."	""
"/:C'"	"Алф.1"	""	""	"XVII в."	""	""	""	""	""	"БАН, Арх. д., №446"	"Книга глаголемая гречески алфавит"	""
"/:C#"	"Алф.2"	""	""	"XVII в."	""	""	""	""	""	"БАН. 33.4.7"	"Книга, глаголемая алфавит. Сказание о всяких вещех и иностранных речей, яже не преложены на русский язык"	""
"/:C$"	"Алф.3"	""	""	"XVII в."	""	""	""	""	""	"БАН, 33.9.1"	"Алфавит сказующий толкование иностранных речей обретаемых во святых книгах русского языка имущий начало от аза"	""
"/:C$$%("	"Алф.33.4.7"	"Алф.2"	""	""	""	""	""	""	""	""	""	""
"/:C$$*'"	"Алф.33.9.1"	"Алф.3"	""	""	""	""	""	""	""	""	""	""
"/:C%"	"Алф.4"	""	""	"XVII в."	""	""	""	""	""	"БАН, Арх. д., №474, л. 30--67"	"Книга глаголемая алфавит содержащая в себе толкования иностранных речей иже обретаются во святых книгах непреложены на русский язык"	""
"/:C&"	"Алф.5"	""	""	"XVII в."	""	""	""	""	""	"ГИМ, Син., №835, лл. 169--360"	"Алфавит"	""
"/:C/1%%'"	"Алфав.446"	"Алф.1"	""	""	""	""	""	""	""	""	""	""
"/:C/1%(%"	"Алфав.474"	"Алф.4"	""	""	""	""	""	""	""	""	""	""
"/:K0"	"Альб."	""	"Альберт Славный"	"XVIII в."	"1670 г."	"латинский"	""	""	""	"РГБ. Муз., №2955 (Фед., №38), л. 4--58"	"О таинствах женских"	""
"/:K0#"	"Альб.2"	""	""	""	""	""	""	""	""	""	""	""
"/:KG<=13=9"	"Альш.Нов.док."	""	""	"XVIII в."	"1573 г."	""	""	""	""	""	"Новый документ о людях и приказах опричного двора Ивана Грозного после 1572 года"	"Альшиц Д.Н."
"/:N?3"	"Алярд"	""	"Алярд Карлус"	"1709 г."	""	"голландский"	""	""	""	""	"Новое галанское карабелное строение... вместе снесено через Карлуса Алярда"	""
"/;2,"	"АМГ I"	""	""	"1571--1634 гг."	""	""	""	""	""	""	"Акты Московского государства"	"Попов Н.А."
"/;2,,"	"АМГ II"	""	""	"1635--1659 гг."	""	""	""	""	""	""	"Акты Московского государства"	"Попов Н.А."
"/;2,,,"	"АМГ III"	""	""	"1660--1664 гг."	""	""	""	""	""	""	"Акты Московского государства"	"Самоквасов Д.Я."
"/;=@9"	"А.Моск."	""	""	"1610--1622 гг."	""	""	""	""	""	""	"Акты времени междуцарствия (1610 г. 17 июля -- 1613 г.)"	"Богоявленский  С.К. , Рябинин И.С."
"/;=@9>4F31"	"А.Моск.печ.дв."	""	""	"1649 г."	""	""	""	""	""	""	"Московский печатный двор в 1649 году"	"Белокуров С."
"/;=@9@B9=<31"	"А.Моск.сукон.дв."	""	""	"XVIII в."	""	""	""	""	""	""	"Московский суконный двор"	""
"/;C,+"	"Амф.I*"	""	""	"XI--XVI вв."	""	""	""	""	""	""	"Палеографическое описание греческих рукописей IX и X века определенных лет с таблицами снимков. Т. I"	"Амфилохий, архим."
"/;C,,+"	"Амф.II*"	""	""	"XII--XVI вв."	""	""	""	""	""	""	"Амфилохий, архим. Палеографическое описание греческих рукописей IX и XII в. определенных лет с таблицами снимков. Т. II"	"Амфилохий, архим."
"/;C,,,+"	"Амф.III*"	""	""	"XI--XVII вв."	""	""	""	""	""	""	"Палеографическое описание греческих рукописей XIII и XIV в. определенных лет с таблицами снимков. Т. III"	"Амфилохий, архим."
"/;C,-+"	"Амф.IV*"	""	""	"XI--XVI вв."	""	""	""	""	""	""	"Палеографическое описание греческих рукописей XV и XVII вв. определенных лет с таблицами снимков. Т.IV"	"Амфилохий, архим."
"/<2:3"	"Англ.д."	""	""	"1581 -- 1604 гг."	""	""	""	""	""	""	"Памятники дипломатических сношений Московского государства с Англиею. Т. II"	"Бестужев-Рюмин К.Н."
"/<2:3MA"	"Англ.д.(Ю.Т.)"	""	""	"1553--1593 гг."	""	""	""	""	""	""	"Первые сорок лет сношения между Россиею и Англиею"	"Толстой Ю.В."
"/<3?489?7A@978"	"Андрей Критский"	""	""	"XVI в."	""	""	""	""	""	""	"К легендам об Иуде Предателе и Андрее Критском"	"Гудзий Н.К."
"/<3?7/A7@+"	"Андриатис*"	""	""	"XVI в., с доп. и вставками XVII"	""	"греческий"	""	""	""	"ГИМ, Син., №104, л. 1--318."	"Книга бесед Иоанна Златоуста, обращенных к антиохийскому народу (Книга глемаа Аньдрьятис Иоанна престго архиепспа Коньстяньтина града Златоустаго)"	""
"/<493=AJ>=G4D"	"Анекдоты пошех."	""	""	"1798 г."	""	""	""	""	""	""	"Анекдоты древних пошехонцев"	"Березайский Василий"
"/<7542=?"	"А.нижегор."	""	""	"XVI--XVII вв."	""	""	""	""	""	"ГА Нижегородской обл., ф. 2043"	"Собрание документов Нижегородской губернской ученой архивной комиссии"	""
"/<=<<=12"	"Анон.Новг."	""	""	""	""	""	""	""	""	""	""	""
"/<><=13=9"	"Анп.Нов.док."	""	""	"1585--1610 гг."	""	""	""	""	""	""	"Новые документы о России конца XVI -- начала XVII в."	"Анпилогов Г.Н."
"/<A19:"	"Ант.Вкл."	""	""	""	""	""	""	""	""	""	""	""
"/<A@"	"Ант.С."	""	""	""	""	""	""	""	""	""	""	""
"/<AE"	"Ант.Ц."	""	""	""	""	""	""	""	""	""	""	""
"/="	"А.О."	"Арх.Он."	""	""	""	""	""	""	""	""	""	""
"/=A?=F/;"	"А.Отроча м."	""	""	"1543--1638 гг."	""	""	""	"С. 4--6: 1543--1544 гг.; с. 6: 1584 г.; с. 7: 1613 г.; с. 7--9: 1618 г.; с. 9--10: 1633 г.; с. 10--17: 1637 г.; с. 17--18: 1638 г."	""	""	"Из актов Тверского Отроча монастыря (7052--7146 гг.)"	"Шумаков С."
"/>34;@/A"	"А.П.Дем.сат."	""	""	"XVII в."	""	""	""	""	""	""	"Русская демократическая сатира"	"Адрианова-Перетц В.П."
"/>=3;=@9"	"А.подмоск."	""	""	"1611--1613 гг."	""	""	""	""	""	""	"Акты подмосковных ополчений и земского собора"	"Веселовский  С.Б."
"/>=9/:"	"Апокал."	""	""	"XIII в."	""	"греческий"	""	""	""	"БАН, собр. Ник., №1, 4°, л. 1--108"	"Апокалипсис с толкованиями Андрея Кесарийского"	""
"/>=9/:'+"	"Апокал.1*"	""	""	"XVII в."	""	""	""	""	""	"Центральный музей древнерусской культуры им. А. Рублева"	"Апокалипсис, хранящийся в Центральном музее древнерусской культуры им. А. Рублева (дар коллекционера А. Манукяна Советскому фонду)"	""
"/>=::=3=?"	"Аполлодор"	""	"Аполлодор"	"1725 г."	""	""	""	""	""	""	"Грамматика Афинейского библиотеки или о богах"	""
"/>=@A1=@9?,"	"Апост.(Воскр.)I"	""	""	"XII--XVI вв."	""	""	""	""	""	""	"Древнеславянский апостол. Послания св. апостола Павла по основным спискам четырех редакций рукописного славянского апостольского текста с разночтениями из 51 рукописи апостола XII--XVI вв."	"Воскресенский Г.[А.]"
"/>=@A1=@9?,,"	"Апост.(Воскр.)II"	""	""	"XII--XVI вв."	""	""	""	""	""	""	"Древнеславянский апостол. Вып. 2. Послание св. апостола Павла к коринфянам 1-е по основным спискам четырех редакций рукописного славянского апостольского текста с разночтениями из 57 рукописей апостола XII--XIII вв."	"Воскресенский Г.[А.]"
"/>=@A1=@9?,,,"	"Апост.(Воскр.)III"	""	""	"XII--XVI вв."	""	""	""	""	""	""	"Древнеславянский апостол. Вып. 3, 4 и 5. Послание св. апостола Павла к коринфянам 2-е, к галатам и ефесянам по основным спискам четырех редакций рукописного славянского текста с разночтениями из 56 рукоп. апостола XII--XVI вв."	"Воскресенский Г.[А.]"
"/>=@AD?7@A"	"Апост.Христ."	""	""	"сep. XII в."	""	"греческий"	""	""	""	""	"'Христианополский' (или 'Городисский') апостол"	"Kaііuїniacki Aem."
"/>=C4=@7@"	"Апофеосис"	""	""	"1709 г."	""	""	""	""	""	""	"Политиколепная апофеосис достохвалныя храбрости Всероссийского геркулеса.."	""
"/>=CA42;"	"Апофтегм."	""	""	"1723 г."	""	""	""	""	""	""	"Апоффегмата то есть кратких витиеватых и нравоучительных речеи книги три"	""
"/>?/3;3+"	"А.Пр.адм. д.*"	""	""	"к.XVII--н.XVIII в."	""	""	""	""	""	"ГА Воронежской обл., ф. 170 и 171"	"Акты Приказа адмиралтейских дел"	""
"/>A7?"	"Ап.Тир."	""	""	""	""	""	""	""	""	""	""	""
"/>J@9=?;"	"А.Пыскор.м."	""	""	"XVII в."	"1579--1679 гг."	""	""	""	""	"СПб. ФИРИ РАН, к.115, №388"	"Акты Спасо-Преображенского Пыскорского монастыря"	""
"/?/6?G+"	"А.Разр.ш.*"	""	""	"к.XVII--н.XVIII в."	""	""	""	""	""	"ГА Воронежской обл., ф. 181, оп. 1--2"	"Акты Государева Разрядного шатра"	""
"/?2"	"АРГ"	""	""	"1505--1526 гг."	""	""	""	""	""	""	"Акты Русского государства"	"Веселовский С.Б., доп. и подгот. Бахтурина Р.В., Булыгин И.А."
"/?6/"	"Арз.а."	""	""	"1578--1618 гг."	""	""	""	""	""	""	"Арзамасские поместные акты"	"Веселовский  С.Б."
"/?61"	"Арз.в."	""	""	"1622--1678 гг."	""	""	""	""	""	""	"Выписи с писцовых, межевых и переписных книг на село Мечасово с деревнями Арзамасского уезда 1686 г."	""
"/?7C;"	"Арифм."	""	""	"сер. XVII в."	""	""	""	""	""	"РНБ, Q. IX. 46, 4°, л. 1--226"	"Арифметика"	""
"/?7C;;/2<7E"	"Арифм.Магниц."	""	"Магницкий Леонтий"	"1703."	""	""	""	""	""	""	"Арифметика, сиречь наука числительная."	""
"/?;?B@=A<"	"Арм.-рус.отн."	""	""	"1626--1697 гг."	""	""	""	""	""	""	"Армяно-русские отношения в XVII веке"	"Парсамян В.А., Восканян В.К., Тер-Авакимова С.А."
"/?=;@:"	"А.Ром.сл."	""	""	"1587--1707 гг."	""	""	""	"С. 1--8: 1587 г.; с. 8--16: 1616 г.; с. 16--19: 1619 г.; с. 20--21: 1620 г.; с. 22--28: 1628 г. в сп. 1642 г.; с. 29--32: 1619 г.; с. 32--33: 1621 г.; с. 33--35: 1621--1622 гг.(?); с. 35--36: 1707 г.; с. 36--37: 1630 г."	""	""	"Акты Романовской ямской слободы 1587--1707 гг."	"Гурлянд И.Я."
"/?@>?<"	"Арс.Прн."	"Арс.Сух.Прен."	""	""	""	""	""	""	""	""	""	""
"/?@@BD"	"Арс.Сух."	"Арс.Сух.Проскинитарий"	""	""	""	""	""	""	""	""	""	""
"/?@@BD>?4<"	"Арс.Сух.Прен."	""	"Суханов Арсений"	"1650 г."	""	""	""	""	""	""	"Прения с греками. Проскинитарий Арсения Суханова"	""
"/?@@BD>?=@97<7A/?78"	"Арс.Сух.Проскинитарий"	""	"Суханов Арсений"	"1649--1653 гг."	""	""	""	""	""	""	"Проскинитарий Арсения Суханова"	"Ивановский Н.И."
"/?@@BD@A@>"	"Арс.Сух.Ст.сп."	""	"Суханов Арсений"	"1649--1651 гг."	""	""	""	""	""	""	"Статейный список Арсения Суханова"	""
"/?@A1"	"Арс.Тв."	""	""	""	""	""	""	""	""	""	""	""
"/?@A1F"	"Арс.Тв.ч."	""	""	"к. XVII в."	""	""	""	""	""	"РГБ, ф. 310 (Унд.), №1224, л. 70 об.--119 об."	"Чудеса Арсения еп. Тверского"	""
"/?A/9@348@A1="	"Артакс.действо"	""	""	"1672--1674 гг."	"1672 г."	""	""	""	""	""	"Артаксерксово действо. Первая пьеса русского театра XVII в."	"Кудрявцев И.М."
"/?A1?9"	"Арт.Врк."	""	""	""	""	""	""	""	""	""	""	""
"/?A4;1?"	"Артем.Вр."	""	""	""	""	""	""	""	""	""	""	""
"/?A791=7<"	"Артик.Воин."	""	""	"1715 г."	""	""	""	""	""	""	"Артикул воинский с кратким толкованием"	""
"/?A>4D"	"Арт.пех."	""	""	"XVIII в."	""	""	""	""	""	"РНБ, Q.XVII.I"	"Артикул пехотного строю"	""
"/?A>=1/?"	"Арт.повар."	""	""	"перв.пол. XVIII в."	""	""	""	""	""	"РНБ, Q.X, №4, л. 1--102"	"Артикул поварничь"	""
"/?D/<20J:"	"Арханг.был."	""	""	""	""	""	""	""	""	""	"Архангельские былины и исторические песни"	"Григорьев А.Д."
"/?D/<241"	"Арханг.ев."	""	""	"1092 г."	""	""	""	""	""	""	"Архангельское евангелие"	"Жуковская Л.П., Миронова Т.Л."
"/?D/<2:4A"	"Арханг.лет."	""	""	"XVII в."	"XVI в."	""	""	""	""	""	"Устюжский свод (Архангелогородский летописец)"	"Сербина К.Н."
"/?D/<2:4A9=<"	"Арханг.лет.(кон.)"	""	""	"XVII в."	""	""	""	""	""	""	"Рукописный сборник 17 века со списком Архангелогородского летописца"	"Мацеевич Л.С."
"/?D/<2=0:@:=1>=31"	"Арханг.обл.слов.Подв."	""	""	""	""	""	""	""	""	""	"Словарь областного архангельского наречия в его бытовом и этнографическом применении"	"Подвысоцкий А."
"/?D/<A@78@9;"	"Арх.Ант.Сийск.м."	""	""	"XVI--XVII вв."	""	""	""	""	""	"ГА Архангельской обл., ф. 56, оп. 1 (столбцы), оп. 2 (книги)"	"Рукописи Антониева Сийского монастыря"	""
"/?D0:<"	"Арх.блн."	"Арханг.был."	""	""	""	""	""	""	""	""	""	""
"/?D0=21/5;"	"Арх.Бог.Важ.м."	""	""	"XVI--XVII вв."	""	""	""	""	""	"ГА Архангельской обл., ф. 829, оп. 1 (столбцы), оп. 2 (книги)"	"Рукописи Богословского Важского монастыря Шенкурского уезда."	""
"/?D0B;>4A?/,"	"Арх.бум.Петра, I"	""	""	"1672--1701 гг."	""	""	""	"С. 1--176: XVII в.; с. 177--196: 1700--1701 гг.; с. 199--419: XVII в."	""	""	""	""
"/?D0B;>4A?/,"	"Арх.бум.Петра, I"	""	""	"1672--1701 гг."	""	""	""	"С. 1--176: XVII в.; с. 177--196: 1700--1701 гг.; с. 199--419: XVII в."	""	""	"Сборник выписок из архивных бумаг о Петре Великом"	""
"/?D0B;>4A?/,,"	"Арх.бум.Петра, II"	""	""	"1700--1725 гг."	""	""	""	"С. 3--340: XVIII в.; с. 340--342: сп. XVI в.; с. 342--347: XVII в."	""	""	"Сборник выписок из архивных бумаг о Петре Великом"	""
"/?D0B;>A?"	"Арх.бум.Птр."	"Арх.бум.Петра, I"	""	""	""	""	""	""	""	""	""	""
"/?D2/;4:N"	"Арх.Гамеля"	""	""	"1598 г.--к. XVII в."	""	""	""	""	""	"СПб. ФИРИ РАН, ф. 175"	"Собрание Гамеля"	""
"/?D71714?@9;?N"	"Архив Иверск. м-ря"	""	""	""	""	""	""	""	""	""	""	""
"/?D7:/0=<"	"Архилабон"	""	""	"1750 г."	""	""	""	""	""	""	"Гистория королевича Архилабона"	"Сиповский В.В."
"/?D7A0/?=E"	"Архит.Бароц."	"Бароций.Архит."	""	""	""	""	""	""	""	""	""	""
"/?D9/?2;+"	"Арх.Карг.м.*"	""	""	"XVI--XVII вв."	""	""	""	""	""	"ГА Архангельской обл., ф. 792, оп. 1."	"Рукописи Спасо-Преображенского Каргопольского монастыря"	""
"/?D9?/@<=D=:;;"	"Арх.Краснохолм.м."	""	""	"XVI--XVII вв."	""	""	""	""	""	""	"Древний архив Краснохолмского Николаевского Антониева монастыря"	"Жизневский А.К."
"/?D9B?/9,"	"Арх.Курак.I"	""	"Куракин Ф.А."	"1676--1727 гг."	""	""	""	""	""	""	"Архив кн. Ф.А.Куракина"	""
"/?D9B?/9,,"	"Арх.Курак.II"	""	"Куракин Ф.А."	"1674--1727 гг."	""	""	""	"С. 4--6: XVII в"	""	""	"Архив кн. Ф.А.Куракина"	""
"/?D9B?/9,,,"	"Арх.Курак.III"	""	"Куракин Ф.А."	"1698--1724 гг."	""	""	""	"С. 150--151, 433: XVII в."	""	""	"Архив кн. Ф.А.Куракина"	""
"/?D9B?/9,-"	"Арх.Курак.IV"	""	"Куракин Ф.А."	"1661--1711 гг."	""	""	""	"С. 61--97: XVII в."	""	""	"Архив кн. Ф.А.Куракина"	""
"/?D9B?/9,."	"Арх.Курак.IX"	""	"Куракин Ф.А."	"1713 г."	""	""	""	""	""	""	"Архив кн. Ф.А.Куракина,"	""
"/?D9B?/9-"	"Арх.Курак.V"	""	"Куракин Ф.А."	"1661--1712 гг."	""	""	""	"С. 147--164: XVII в."	""	""	"Архив кн. Ф.А.Куракина"	""
"/?D9B?/9-,"	"Арх.Курак.VI"	""	"Куракин Ф.А."	"1712--1713 гг."	""	""	""	""	""	""	"Архив кн. Ф.А.Куракина"	""
"/?D9B?/9-,,"	"Арх.Курак.VII"	""	"Куракин Ф.А."	"1713 г."	""	""	""	""	""	""	"Архив кн. Ф.А.Куракина"	""
"/?D9B?/9-,,,"	"Арх.Курак.VIII"	""	"Куракин Ф.А."	"1713 г."	""	""	""	""	""	""	"Архив кн. Ф.А.Куракина"	""
"/?D9B?/9."	"Арх.Курак.X"	""	"Куракин Ф.А."	"1714 г."	""	""	""	""	""	""	"Архив кн. Ф.А.Куракина"	""
"/?D;/A,"	"Арх.мат.I"	""	""	"1482--1584 гг."	""	""	""	""	""	""	"Архивный материал. Новооткрытые документы поместно-вотчинных учреждений Московского государства XVI--XVII столетий"	"Самоквасов Д.Я."
"/?D;/A,,"	"Арх.мат.II"	""	""	"1564 г.--н. XVIII в."	""	""	""	""	""	""	"Архивный материал. Новооткрытые документы поместно-вотчинных учреждений Московского царства."	"Самоквасов Д.Я."
"/?D;4<KG79"	"Арх.Меньшик."	""	""	"XVIII в."	""	""	""	""	""	"СПб. ФИРИ РАН"	"Меньшиковский архив. Бумаги А.Д. Меньшикова. Корректурные листы"	""
"/?D;5;"	"Арх.М.Ж.м."	""	""	"XVII--XVIII вв."	""	""	""	""	""	"ГА Горьковской обл., ф. 2013, №998"	"Архивный фонд Макарьевского Желтоводского монастыря"	""
"/?D;7D/?D;+"	"Арх.Мих.-Арх.м.*"	""	""	"XVI--XVII вв."	""	""	""	""	""	"ГА Архангельской обл., ф. 57, оп. 2 (столбцы), оп. 5 (книги)"	"Рукописи Михайло-Архангельского монастыря в Архангельске"	""
"/?D</;4@A<<=12/?D74>+"	"Арх.наместн.Новг.архиеп.*"	""	""	"XVI--XVII вв."	""	""	""	""	""	"ГА Архангельской обл., ф. 1408, оп. 1"	"Рукописи Канцелярии наместника Новгородской архиепископии в Архангельске"	""
"/?D<799=?4:;+"	"Арх.Ник.Корел.м.*"	""	""	"XVII--XVIII вв."	""	""	""	""	""	"ГА Архангельской обл., ф. 191, оп. 3."	"Рукописи Николаевского Корельского монастыря."	""
"/?D<=1;+"	"Арх.Нов.м.*"	""	""	"XVI--XVIII вв."	""	""	""	""	""	""	"Источники по социально-экономической истории России XVI--XVIII вв. Из архива Московского Новодевичьего монастыря"	""
"/?D=<"	"Арх.Он."	""	""	"XVII в."	""	""	""	""	""	"РГАДА, ф. 1195, оп. 1"	"Архив Онежского Крестного монастыря"	""
"/?D=</?"	"Арх.Он.(Ар.)"	""	""	"к. XVII в."	""	""	""	""	""	"РГАДА, ф. 1195, оп. 3"	"Столбцы из Архива Онежского Крестного монастыря"	""
"/?D=</?D/<2+"	"Арх.Он.(Арханг.)*"	""	""	"XVII в."	""	""	""	""	""	"ГА Архангельской обл., ф. 174."	"Рукописи Онежского Кийостровского Крестного монастыря"	""
"/?D=<459?;?N"	"Арх.Онеж.Кр.м-ря"	"Арх.Он."	""	""	""	""	""	""	""	""	""	""
"/?D>4?A;+"	"Арх.Перт.м.*"	""	""	"XVII в."	""	""	""	""	""	"ГА Архангельской обл., ф. 60, оп. 1"	"Рукописи Пертоминского Преображенского монастыря"	""
"/?D>=9?@B63;+"	"Арх.Покр.Сузд.м.*"	""	""	"1516--1700 гг."	""	""	""	""	""	"ГА Владимирской обл., ф. 575, оп. 1"	"Рукописи Покровского Суздальского девичьего монастыря"	""
"/?D@17?;"	"Арх.Свир.м."	"А.Свир.м."	""	""	""	""	""	""	""	""	""	""
"/?D@=:=1;+"	"Арх.Солов.м.*"	""	""	"XVI--XVII вв."	""	""	""	""	""	"РГАДА, ф. 1201, оп. 1 (№5, 14, 15, 32, 38, 41, 42, 44, 45), оп. 4 (№1, 4, 6, 7, 8, 12, 24, 25, 29)"	"Рукописи Соловецкого монастыря"	""
"/?D@=:=1;/?D/<2+"	"Арх.Солов.м.(Арханг.)*"	""	""	"XVII в."	""	""	""	""	""	"ГА Архангельской обл., ф. 878"	"Рукописи Соловецкого монастыря"	""
"/?D@=:=AF;+"	"Арх.Солотч.м.*"	""	""	"XVI--XVII вв."	""	""	""	""	""	"РГАДА, ф. 1202, оп. 1"	"Рукописи Солотчинского мужского монастыря"	""
"/?D@>41C;"	"Арх.Сп.-Евф.м."	""	""	"XVI--XVII вв."	""	""	""	""	""	"РГАДА, ф. 1203, оп. 1 (1), 2"	"Рукописи Суздальского Спасо-Евфимиева монастыря"	""
"/?D@A?,"	"Арх.Стр.I"	""	""	"1400--1597 гг."	""	""	""	""	"Документы до 1505 г. переизд.: АСВР I--III; Гр.Новг. и Псков."	""	"Архив П.М.Строева. Т. I"	""
"/?D@A?,,"	"Арх.Стр.II"	""	""	"1598--1645 гг."	""	""	""	""	""	""	"Архив П.М.Строева. Т. II"	""
"/?DA=:@A=2="	"Арх.Толстого"	""	""	"XVII--XVIII вв."	""	""	""	""	""	"СПб. ФИРИ РАН, к. 133, №1--217"	"Собрание актов XVII--XVIII вв. Ф.А. Толстого"	""
"/?DF4?<>7<;+"	"Арх.Черн.Пин.м.*"	""	""	"XVII в."	""	""	""	""	""	"ГА Архангельской обл., ф. 309, оп. 2 (столбцы), оп. 3 (книги)"	"Рукописи Черногорского (Красногорского) Пинежского монастыря"	""
"/@0:7D"	"А.сб.Лих."	""	""	"XV в.--1744 г."	""	""	""	""	"Документы до 1505 г. переизд.: АСВР I--III; А.феод. землевл.I"	""	"Сборник актов, собранных в архивах и библиотеках. I. Духовные и сговорные. II. Правые грамоты"	"Лихачев Н.П."
"/@17?;"	"А.Свир.м."	""	""	"XVII в."	""	""	""	""	""	"СПб. ФИРИ РАН, ф. 3, оп. 1"	"Акты Александрова Свирского монастыря XVII в."	""
"/@1?,"	"АСВР I"	""	""	"к. XIV - н. XV вв."	""	""	""	""	""	""	"Акты социально-экономической истории Северо-Восточной Руси конца XIV -- начала XVI в."	""
"/@1?,,"	"АСВР II"	""	""	"к. XIV - н.XVI вв."	""	""	""	""	""	""	"Акты социально-экономической истории Северо-Восточной Руси конца XIV -- начала XVI в."	""
"/@1?,,,"	"АСВР III"	""	""	"к. XIV - н. XVI вв."	""	""	""	""	""	""	"Акты социально-экономической истории Северо-Восточной Руси конца XIV -- начала XVI в."	""
"/@7;;"	"А.Сим.м."	""	""	"1506--1613 гг."	""	""	""	""	""	""	"Акты феодального землевладения и хозяйства. Акты Московского Симонова монастыря"	"Ивина Л.И. Отв. ред. Маньков А.Г."
"/@:"	"А.С.Л."	"А.Лих."	""	""	""	""	""	""	""	""	""	""
"/@=:79/;"	"А.соликам."	""	""	"1605 г. -- н.XVIII в."	""	""	""	""	""	"СПб. ФИРИ РАН, к. 122"	"Коллекция соликамских актов (Чердынская воеводская изба)"	""
"/@=:79/;,"	"А.соликам.I"	""	""	"1659 г."	""	""	""	""	""	"СПб. ФИРИ РАН, к. 2 (Колл. акт. книг Археограф. комис., оп. 1,№16, 4°, л. 1--63 об.)"	"Записная копийная книга актам, явленным в 1659 г. в Соликамской съезжей избе стольнику и воеводе Льву Андреевичу Плещееву"	""
"/@=:79/;,,"	"А.соликам.II"	""	""	"1628--1698 гг."	""	""	""	""	""	""	"Соликамские грамоты"	"Горбунова А.А."
"/@=:=10B<A/"	"А.солов.бунта"	""	""	"1674 г."	""	""	""	""	""	""	"Акты, относящиеся к истории Соловецкого бунта"	"Барсов  Е."
"/@=:=1;"	"А.Солов.м."	""	""	"1479--1571 гг."	""	""	""	""	""	""	"Акты Соловецкого монастыря 1479--1571 гг."	"Либерзон И.З."
"/@=:=1K41/"	"А.Соловьева"	""	""	"1506--1700 гг."	""	""	""	""	""	"СПб. ФИРИ РАН, к. 124"	"Собрание актов С.В. Соловьева"	""
"/@A?/"	"Астр.а."	"Астрах.а."	""	""	""	""	""	""	""	""	""	""
"/@A?/D/"	"Астрах.а."	""	""	"XVII в."	""	""	""	""	""	"СПб. ФИРИ РАН, ф. 178"	"Акты Астраханской воеводской избы XVII в."	""
"/@A?/D/@A"	"Астрах.а.(Ст.)"	""	""	"XVII в."	""	""	""	""	""	""	"Хозяйственная деятельность Московского правительства в Нижнем Поволжье в XVII веке"	"Степанов И.В."
"/@A?/D0B<A?/6"	"Астрах.бунт Раз."	""	""	"сер. XVIII в."	""	""	""	""	""	"БАН, 16.13.52"	"О Астраханском бунте и о выезде с реки Дону бунтовщика и разбойника Стеньки Разина"	""
"/@A?/D1=@@A"	"Астрах.восст."	""	""	"1705--1708 гг."	""	""	""	""	""	""	"Астраханское восстание 1705--1706 гг. (По пыточным речам повстанцев в Преображенском приказе)"	"Лебедев В.И."
"/@L7,,,,"	"АСЭИ I--III"	"АСВР I"	""	""	""	""	""	""	""	""	""	""
"/A7D1;"	"А.Тихв.м."	""	""	"к. XVI в.--1699 г."	""	""	""	""	""	"СПб. ФИРИ РАН, ф. 132"	"Акты Тихвинского монастыря"	""
"/A?@4?2;"	"А.Тр.-Серг.м."	""	""	"1594--1688 гг."	""	""	""	"С. 46--50: 1594 г.; с. 50--55: 1642 г.; с. 55--60: 1651 г.; с. 61--65: 1679 г.; с. 65--67: 1688 г."	""	""	"Доклады, грамоты и другие акты Троицкого Сергиева монастыря о служках"	"Арсений, иером."
"/A?@4?2;,"	"А.Тр.-Серг.м.I"	""	""	"XV--XVII вв."	""	""	""	""	"Документы до 1505 г. переизд.: АСВР I"	""	"О вотчинных владениях Троицкого монастыря при жизни его основателя, преп. Сергия"	"Арсений, иером."
"/AB:79/G6/1"	"А.Тул. и Каш.зав."	""	""	"1645--1695 гг."	""	""	""	""	""	""	"Акты Тульских и Каширских железных заводов"	""
"/AN2,"	"А.тяг.I"	""	""	"XV-XVII вв."	""	""	""	""	""	""	"Акты, относящиеся к истории тяглого населения в Московском государстве"	"Дьяконов М."
"/AN2,,"	"А.тяг.II"	""	""	"XVI-XVII вв."	""	""	""	""	""	""	"Акты, относящиеся к истории тяглого населения в Московском государстве"	"Дьяконов М."
"/B1/?"	"А.Увар."	""	""	"XV--XVIII вв."	""	""	""	"С. 1--21: XV в.; с. 21--87: XVI в.; с. 87--105: XVII в.; с. 105--106: XVI в.; с. 106--107: XIII в., сп. XVI в.; с. 389--435: 1673--1674 гг.; с. 436--439: XVIII в."	""	""	"Описания актов собрания графа А.С. Уварова. Акты исторические"	"Катаев И.М. , Кабанов А.К. , под ред.  Довнар-Запольского М.В."
"/B2:7F"	"А.углич."	""	""	"1400--1749 гг."	""	""	""	""	"Документы до 1505 г. переизд.: АСВР I"	""	"Угличские акты (1400--1749 гг.)"	"Шумаков С."
"/B2:7F9/<E,"	"А.Углич.канц.I"	""	""	"1719--1726 гг."	""	""	""	""	""	""	"Акты Угличской провинциальной канцелярии (1719--1726 гг.)"	"Тарановский Ф.В."
"/B2:7F9/<E,,"	"А.Углич.канц.II"	""	""	"1719--1728 гг."	""	""	""	""	""	""	"Акты Угличской провинциальной канцелярии (1719--1728 гг.)"	"Тарановский Ф.В."
"/B@A,"	"А.Уст.I"	""	""	"1514--1697 гг."	""	""	""	""	""	""	"Акты Велико-Устюжского Михайло-Архангельского монастыря"	"Шляпин В.П."
"/B@A,,"	"А.Уст.II"	""	""	"1510--1746 гг."	""	""	""	""	""	""	"Акты Велико-Устюжского Михайло-Архангельского монастыря"	"Шляпин В.П."
"/C/</:49@@:<//?7/<"	"Афан.Алекс.Сл. на ариан"	""	""	"1488--1489 гг."	""	""	""	""	""	"ГИМ, Син., №20, л. 1--228"	"Слова Афанасия Александрийского против ариан и о празднике Пасхи."	""
"/C/</:49@@:<//?7/<'+"	"Афан.Алекс.Сл. на ариан1*"	""	""	"1489 г."	""	"греческий"	""	""	""	""	"Discours contre les Ariens de Saint Athanase"	"VaiIlant A."
"/C4=364;:41:,"	"А.феод.землевл.I"	""	""	"XVI в."	"XIV--XVI вв."	""	""	""	""	""	"Акты феодального землевладения и хозяйства XIV--XVI вв."	"Черепнин  Л.В."
"/C4=364;:41:,,"	"А.феод.землевл.II"	""	""	"1450--1612 гг."	""	""	""	""	""	""	"Акты феодального землевладения и хозяйства."	"Зимин А.А."
"/C4=364;:41:,,,"	"А.феод.землевл.III"	""	""	"1521--1622 гг."	""	""	""	""	""	""	"Акты феодального землевладения и хозяйства."	"Черепнин Л.В."
"/C6D"	"АФЗХ"	"А.феод.землевл.I"	""	""	""	""	""	""	""	""	""	""
"/C<79D=536/A?7;=?N"	"Аф.Ник.Хожд. за три моря"	""	""	""	""	""	""	""	""	""	""	""
"/D=6;=?,"	"А.хоз.Мор.I"	""	""	"1646--1652 гг."	""	""	""	""	""	""	"Акты хозяйства боярина Б.И. Морозова"	"Яковлев А.И."
"/D=6;=?,,"	"А.хоз.Мор.II"	""	""	"1652--1663 гг. (1 док. 1648 г.)"	""	""	""	""	""	""	"Акты хозяйства боярина Б.И. Морозова"	"Яковлев А.И."
"/D=:7B@A"	"А.Хол. и Уст."	"АХУ I"	""	""	""	""	""	""	""	""	""	""
"/D=:;=2A/;760J"	"А.Холмог.там.избы"	""	""	"XVII в."	""	""	""	""	""	"СПб. ФИРИ РАН, ф. 149"	"Акты Холмогорской таможенной избы"	""
"/DB,"	"АХУ I"	""	""	"1500--1699 гг."	""	""	""	""	""	""	"Акты Холмогорской и Устюжской епархии. Ч. 1"	""
"/DB,,"	"АХУ II"	""	""	"1500--1706 гг."	""	""	""	""	""	""	"Акты Холмогорской и Устюжской епархии. Ч. 2"	""
"/DB,,,"	"АХУ III"	""	""	"1621--1680, 1692 гг."	""	""	""	""	""	""	"Акты Холмогорской и Устюжской епархии. Кн. 3"	""
"/DB,,,:=3=;"	"АХУ III (Лодом.)"	""	""	"XV--XVII вв."	""	""	""	""	""	""	"Акты Лодомской церкви Архангельской епархии"	""
"/F4?3"	"А.черд."	""	""	"1606 -- 1718 г."	""	""	""	""	""	""	"Чердынские юридические памятники с 1606 по 1718 г."	""
"/F4?3'"	"А.черд.1"	""	""	"XVI--XVIII вв."	""	""	""	""	""	""	"Чердынские акты"	"Удинцев В."
"/M"	"АЮ"	""	""	"1425--1705 гг."	""	""	""	""	"Документы до 1506 г. переизд.: АСВР I--III, А.феод.землевл. I--II, Гр. Новг. и Псков."	""	"Акты юридические, или собрание форм старинного делопроизводства"	""
"/M0,"	"АЮБ I"	""	""	"XIII--XVII вв."	""	""	""	""	"Документы до 1505 г. переизд.: АСВР I--III, А.феод.землевл.I--II, Гр.Новг. и Псков."	""	"Акты, относящиеся до юридического быта древней России"	"Калачов Н.В."
"/M0,,"	"АЮБ II"	""	""	"XIII--XVII вв."	""	""	""	""	""	""	"Акты, относящиеся до юридического быта древней России"	"Калачов Н.В."
"/M0,,,"	"АЮБ III"	""	""	"XV--XVII вв."	""	""	""	""	""	""	"Акты, относящиеся до юридического быта древней России"	"Калачов Н.В."
"/M576/>?=@,"	"А.юж. и зап.Рос.I"	""	""	"1361--1598 гг."	""	""	""	""	""	""	"Акты, относящиеся к истории Южной и Западной России"	""
"/M576/>?=@,,"	"А.юж. и зап.Рос.II"	""	""	"1599--1637 гг."	""	""	""	""	""	""	"Акты, относящиеся к истории Южной и Западной России"	""
"/M57L/>?=@,,,"	"А.юж. и эап.Рос.III"	""	""	"1638--1657 гг."	""	""	""	""	""	""	"Акты, относящиеся к истории Южной и Западной России"	""
"/M?"	"А.юр."	"АЮ"	""	""	""	""	""	""	""	""	""	""
"/MG"	"А.Юш."	""	""	"1257--1613 гг."	""	""	""	""	"Документы до 1505 г. переизд.: АСВР III"	""	"Акты XIII--XVII вв., представленные в Разрядный приказ представителями служилых фамилий после отмены местничества"	"Юшков А.И."
"0"	"Б."	"Бояр.кн."	""	""	""	""	""	""	""	""	""	""
"0/202?"	"Баг.Бгр."	"Баг.Мат."	""	""	""	""	""	""	""	""	""	""
"0/2;"	"Баг.М."	"Баг.Мат."	""	""	""	""	""	""	""	""	""	""
"0/2;/A"	"Баг.Мат."	""	""	"1600--1693 гг."	""	""	""	""	""	""	"Материалы для истории колонизации и быта степной окраины Московского государства (Харьковской и отчасти Курской и Воронежской губ.)"	"Багалей Д.И."
"0/?/<H79=1"	"Баранщиков"	""	"Баранщиков В."	"1787 г."	""	""	""	""	""	""	"Нещастные приключения Василья Баранщикова мещанина Нижнего Новагорода во трех частях света: в Америке, Азии и Европе с 1780 по 1787 год"	""
"0/?=E78/?D7A"	"Бароций.Архит."	""	"Вигнола Бароций Яков де"	"1709 г."	""	""	""	""	""	""	"Правило о пяти чинех архитектуры"	""
"0/?@@:=1/?K"	"Барс.Словарь"	""	""	"XVII в."	""	""	""	""	""	"ГИМ, Барс., №2313"	"Словарь западно-русский (славяно-латинский)"	""
"0/N64A"	"Баязет"	""	""	"XVII в."	"1674--1675 г."	""	""	""	""	""	"Баязет и Тамерлан"	"Тихонравов Н."
"0/N64A'"	"Баязет1"	""	""	"1674--1675 гг."	""	""	""	""	""	""	"Темир-Аксаково действо"	"Державина О.А. , Демин А.С. , Гребенюк В.П."
"0/N64A7A"	"Баязет и Т."	"Баязет"	""	""	""	""	""	""	""	""	""	""
"04:/<3?/"	"Беландра"	""	""	"XVIII в."	""	""	""	""	""	"БАН, 16.9.3"	"Верная Беландра"	""
"04:=64?>4?4>"	"Белозер.переп."	""	""	"1670--1690 гг."	""	""	""	""	""	""	"Из белозерской переписки XVII в."	"Евтюшина Т.И."
"04:=9B?"	"Белокур."	""	""	"1649--1691 гг."	""	""	""	""	""	""	"Varia"	"Белокуров С.А."
"04:=9B?,"	"Белокур.I"	""	""	"1624--1712 гг."	""	""	""	""	""	""	"Varia"	"Белокуров  С.А."
"04:@>;=@9:4A@1"	"Бел.сп.Моск.лет.св."	""	""	""	""	""	""	""	""	""	""	""
"04?4@A2?,"	"Берест.гр.I"	""	""	"XI--XV вв."	""	""	""	""	""	""	"Новгородские грамоты на бересте (из раскопок 1951 г.) [№1--10]"	"Арциховский А.В. и Тихомиров М.Н."
"04?4@A2?,,"	"Берест.гр.II"	""	""	"XI--XV вв."	""	""	""	""	""	""	"Новгородские грамоты на бересте (из раскопок 1952 г.) [№11--83]"	"Арциховский А.В."
"04?4@A2?,,,"	"Берест.гр.III"	""	""	"XI--XV вв."	""	""	""	""	""	""	"Новгородские грамоты на бересте (из раскопок 1953--1954 гг.) [№84--136]"	"Арциховский А.В. и Борковский В.И."
"04?4@A2?,-"	"Берест.гр.IV"	""	""	"XI--XV вв."	""	""	""	""	""	""	"Новгородские грамоты на бересте (из раскопок 1955 г.) [№137--194]"	"Арциховский А.В. и Борковский В.И."
"04?4@A2?,.+"	"Берест.гр.IX*"	""	""	"XI--XV вв."	""	""	""	""	""	""	"Новгородские грамоты на бересте (из раскопок 1984--1989 гг.)"	"Янин В.Л., Зализняк А.А."
"04?4@A2?-"	"Берест.гр.V"	""	""	"XI--XV вв."	""	""	""	""	""	""	"Новгородские грамоты на бересте (из раскопок 1956--1957 гг.) [№195--318]"	"Арциховский А.В. и Борковский В.И."
"04?4@A2?-,"	"Берест.гр.VI"	""	""	"XI--XV вв."	""	""	""	""	""	""	"Новгородские грамоты на бересте (из раскопок 1958--1961 гг.) [№319--405]"	"Арциховский А.В."
"04?4@A2?-,,"	"Берест.гр.VII"	""	""	"XI--XV вв."	""	""	""	""	""	""	"Новгородские грамоты на бересте (из раскопок 1962--1976 гг.) [№406--539: Новгород; №1--13: Старая Русса]"	"Арциховский А.В., Янин В.Л."
"04?4@A2?-,,,+"	"Берест.гр.VIII*"	""	""	"XI--XV вв."	""	""	""	""	""	""	"Новгородские грамоты на бересте (из раскопок 1977--1983 гг.)"	"Янин В.Л., Зализняк А.А."
"04@43/1/:"	"Беседа Вал."	""	"Патрикеев Вассиян"	"XVII в."	"1553--1554 гг."	""	""	""	""	""	"Беседа преподобных Сергия и Германа, валаамских чудотворцев. Апокрифический памятник XVI века"	"Дружинин  В.Г. , Дьяконов М.А."
"04@43/1/:'"	"Беседа Вал.1"	""	"Патрикеев Вассиян"	"XVII в."	""	""	""	""	""	""	"Валаамская беседа -- памятник русской публицистики середины XVI в."	"Моисеева Г.Н."
"04@43/1/:#"	"Беседа Вал.2"	""	"Патрикеев Вассиян"	"XVI в."	""	""	""	""	""	""	"Рассуждение инока князя Вассияна [Патрикеева] о неприличии монастырям владеть отчинами. По списку одного века с сочинителем"	"Бодянский О."
"04@43/=AE/@@J<=;"	"Беседа отца с сыном"	""	""	"XVII в."	"XVII в."	""	""	""	""	""	"Сказание и беседа премудра и чадолюбива отца... к сыну... о женстеи злобе"	""
"04@43/=AE/@@J<=;'+"	"Беседа отца с сыном1*"	""	""	"XVII--XIX вв."	"XVII в."	""	""	""	""	""	"Сказание и беседа премудра и чадолюбива отца... с сыном... о женстеи злобе"	"Титова Л.В."
"070:"	"Библ."	""	""	"1663 г."	""	""	""	""	""	""	"Библия, сиречь книги ветхого и нового завета, по языку славенску"	""
"070:'"	"Библ.1"	"Библ.кн.2"	""	""	""	""	""	""	""	""	""	""
"070:24<<'%**2"	"Библ.Генн.1499 г."	""	""	""	""	"греческий и лати"	""	""	""	"ГИМ, Син., №915"	"Книги ветхого и нового завета, писаны в 1499 г. в Новгороде, при дворе архиеп. Геннадия"	"Геннадий, архиеп."
"070:9<"	"Библ.кн."	""	""	"1507 г."	""	""	""	""	""	""	"Библейские книги 1507 года"	"Филарет, арх."
"070:9<'"	"Библ.кн.1"	""	""	"к. XIV (?)--н. XV в."	""	""	""	""	""	"РГБ, ф. 304 (Тр.-Серг.), №2, 4°, л. 1--166"	"Библейские книги (Иисус Навин. Судей израилевых, Руфь, Есфирь) с дополнительными статьями"	""
"070:9<#"	"Библ.кн.2"	""	""	"вт. пол. XV в."	""	""	""	""	""	"РГБ, ф. 310 (Унд.), №1, 1°, л. 1--476"	"Библейские книги (Пятикнижие Моисеево, Иисуса Навина, Судей, Руфь, Царств, Премудрости Соломоновой, Есфирь) и сборник хронографи"	""
"070:=@A?"	"Библ.Остр."	""	""	"1581 г."	""	""	""	""	""	""	"Библиа, сиречь книгы ветхого и нового завета, по языку словенску"	"Федоров И."
"070:?B;"	"Библ.(Рум.)"	""	""	"сер. XVI в."	""	""	""	""	""	"РГБ, ф. 256 (Рум.), №28, л. 1--443"	"Книги Ветхого завета"	""
"0:9?"	"Блкр."	"Белокур."	""	""	""	""	""	""	""	""	""	""
"0:=<34:K"	"Блондель"	""	"Блондель"	"1711 г."	""	""	""	""	""	""	"Новая манера укреплению городов"	""
"0:@"	"Бл.С."	""	""	""	""	""	""	""	""	""	""	""
"0:D"	"Блх."	""	""	""	""	""	""	""	""	""	""	""
"0=1/"	"Бова"	""	""	"XVII в."	"XVII в."	""	""	""	""	""	"Сказания про храброго витезя про Бову королевича"	"Дунаев Б.И."
"0=2@:"	"Бог.сл."	""	""	""	""	""	""	""	""	""	""	""
"0=:3;"	"Болд.м."	""	""	""	""	""	""	""	""	""	""	""
"0=:=A6/>"	"Болот.Зап."	""	"Болотов А.Т."	"1738--1795 гг."	""	""	""	""	""	""	"Записки Андрея Тимофеевича Болотова"	""
"0=:=A>/;9<"	"Болот.Пам.кн."	""	"Болотов А.Т."	"1761 г."	""	""	""	""	""	"БАН."	"Памятная книжка или собрание различных нравоучительных правил"	""
"0=:=A@5"	"Болот.С.ж."	""	"Болотов А.Т."	"1788 г."	""	""	""	""	""	""	"Сельский житель, экономическое в пользу деревенских жителей служащее издание"	""
"0=?2@3=?C"	"Боргсдорф"	""	"Боргсдорф Е.Ф., барон"	"1696 г."	""	""	""	""	""	""	"Побеждающая крепость к счастливому поздравлению славной победы под Азовом.."	""
"0=?2@3=?C>?/17:/"	"Боргсдорф.Правила"	""	"Боргсдорф Е.Ф., барон"	"1697 г."	""	""	""	""	""	""	"Поверенные воинские правила како неприятельcкие крепости силою брати"	""
"0=N?9<"	"Бояр.кн."	""	""	"1556 г."	""	""	""	""	""	""	"Боярская книга 1556 года"	"Оболенский М.А."
"0?/B</?A7:"	"Браун.Артил."	""	"Браун Е."	"1682 г."	""	""	""	""	""	""	"Новейшее основание и практика артиллерии"	""
"0?7<9/?A7:"	"Бринк.Артил."	""	"Бринк Тимофей"	"1710 г."	""	""	""	""	""	""	"Описание артиллерии"	""
"0?@@:"	"Брс.сл."	"Барс.Словарь"	""	""	""	""	""	""	""	""	""	""
"0?B<"	"Брун."	"Брун.Толк.Псалт."	""	""	""	""	""	""	""	""	""	""
"0?B<"	"Брун."	"Брун.Толк.Псалт."	""	""	""	""	""	""	""	""	"Бумаги кабинета министров имп. Анны Иоанновны 1731--1740 гг."	"Филиппов А.Н."
"0?B<A=:9>@/:A"	"Брун.Толк.Псалт."	""	"Дмитрий Герасимов - переводчик"	"XVII в."	"1535 г."	"латинский"	""	""	""	"ГИМ, Син., № 77/305, в 4 стлб."	"Брунона Вирцбургского толкование на Псалтирь"	""
"0?B<E179"	"Брунцвик"	""	""	"XVII и XVIII вв."	"сер. XVII в."	""	""	""	""	""	"Повесть о Брунцвике"	"Polнvka J."
"0B:/11=@@A"	"Булав.восст."	""	""	"1703--1709 гг."	""	""	""	""	""	""	"Булавинское восстание (1707--1708)"	""
"0B;9/0;7<,,"	"Бум.каб.мин.II"	""	""	"1733 г."	""	""	""	""	""	""	"Бумаги кабинета министров имп. Анны Иоанновны 1731--1740 гг."	"Филиппов А.Н."
"0B;9/0;7<,,,"	"Бум.каб.мин.III"	""	""	"1734 г."	""	""	""	""	""	""	"Бумаги кабинета министров имп. Анны Иоанновны 1731--1740 гг."	"Филиппов А.Н."
"0B;9/0;7<,-"	"Бум.каб.мин.IV"	""	""	"1735 г."	""	""	""	""	""	""	"Бумаги кабинета министров имп. Анны Иоанновны 1731--1740 гг."	"Филиппов А.Н."
"0B;9/0;7<-"	"Бум.каб.мин.V"	""	""	"1736 г."	""	""	""	""	""	""	"Бумаги кабинета министров имп. Анны Иоанновны 1731--1740 гг."	"Филиппов А.Н."
"0B;9/0;7<-,"	"Бум.каб.мин.VI"	""	""	"1737 г."	""	""	""	""	""	""	"Бумаги кабинета министров имп. Анны Иоанновны 1731--1740 гг."	"Филиппов А.Н."
"0B;G4?4;"	"Бум.Шерем."	""	"Шереметев Б.П."	"1704--1722 гг."	""	""	""	""	""	""	"Переписка и бумаги графа Бориса Петровича Шереметева"	""
"0B@:;/A"	"Бусл.Мат."	""	""	"XI--XVI вв."	""	""	""	""	""	""	"Палеографические и филологические материалы для истории письмен славянских, собранные из XV-ти рукописей Московской синодальной библиотеки Ф. Буслаевым, с приложением 22-х снимков, литографированных И.Шелковниковым"	"Буслаев Ф."
"0B@:D?7@A"	"Бусл.Христ."	""	""	""	""	""	""	""	""	""	"Историческая христоматия церковно-славянского и древнерусского языков"	"Буслаев Ф."
"0BD<4?/?A7:"	"Бухнер.Артил."	""	"Бухнер И.З."	"1711 г."	""	""	""	""	""	""	"Учение и практика артилерии..."	""
"0D<"	"Бхн."	""	""	""	""	""	""	""	""	""	""	""
"0F?5"	"Б.Чрж."	""	""	""	""	""	""	""	""	""	""	""
"0J:"	"Был."	""	""	"XVII--XVIII вв."	""	""	""	""	""	""	"Былины в записях и пересказах XVII--XVIII веков"	"Астахова А.М., Митрофанова В.В., Скрипиль М.О."
"0J:;"	"Был.М."	""	""	""	""	""	""	""	""	""	"Русские былины старой и новой записи"	"Тихонравов Н.С. и Миллер В.Ф."
"0J:A"	"Был.Т."	""	""	"XVII--XVIII вв."	""	""	""	""	""	""	"Русские былины старой и новой записи"	"Тихонравов Н.С. и Миллер В.Ф."
